"";"Dim.1";"Dim.2";"Dim.3";"Dim.4";"Dim.5"
"p_AT1G01900.1";-0.41;-0.66;-0.12;-0.19;-0.37
"p_AT1G02305.1";0.24;-0.86;0.07;0.19;0.24
"p_AT1G02700.1";0.87;0.22;-0.02;0.32;-0.05
"p_AT1G02780.1";-0.74;-0.3;0.24;-0.1;-0.21
"p_AT1G03680.1";0.8;0.27;0.04;0.06;0.26
"p_AT1G03890.1";-0.54;0.15;0.06;0.04;0.04
"p_AT1G04170.1";-0.33;0.49;0.27;0.56;-0.18
"p_AT1G04480.1";-0.83;0.12;-0.03;0.02;-0.21
"p_AT1G04580.1";-0.01;-0.59;-0.24;0.18;-0.06
"p_AT1G05510.1";0.82;0.03;0.19;0.16;0.17
"p_AT1G07080.1";0.25;0.01;0.14;0.56;-0.17
"p_AT1G07140.1";0.73;0.38;0.11;0.46;0.11
"p_AT1G07645.1";0.78;0.06;-0.2;0;0.2
"p_AT1G07750.1";-0.02;-0.9;-0.14;-0.06;0.06
"p_AT1G07920.1";-0.07;0.35;0.46;0.38;0.33
"p_AT1G07985.1";0.63;-0.51;0.03;0.1;0.2
"p_AT1G08830.1";-0.17;0.25;0.5;0.21;0.5
"p_AT1G09620.1";-0.75;0.4;-0.09;-0.01;-0.28
"p_AT1G09640.1";0.57;0.47;0.21;0.4;-0.28
"p_AT1G11840.1";0.02;0.18;-0.12;-0.24;0.14
"p_AT1G11910.1";-0.23;-0.6;0;0.22;-0.22
"p_AT1G13930.1";0.46;-0.49;0.47;0.21;0.22
"p_AT1G14170.1";0.74;-0.34;0.3;-0.28;-0.02
"p_AT1G14930.1";0.55;-0.44;-0.22;-0.21;0.09
"p_AT1G14940.1";0.57;-0.55;-0.27;0.01;-0.15
"p_AT1G14950.1";0.65;-0.64;-0.2;-0.06;-0.04
"p_AT1G15340.1";-0.78;0.1;0.36;-0.01;0.04
"p_AT1G15930.1";0.64;0.17;-0.27;0.43;-0.16
"p_AT1G16030.1";-0.38;-0.2;0.42;0.11;0.11
"p_AT1G16730.1";0.66;-0.1;0.2;0.54;-0.31
"p_AT1G17100.1";0.05;-0.87;0.25;0.12;0.29
"p_AT1G18080.1";-0.68;0.4;0.37;0.29;0.26
"p_AT1G18100.1";0.37;-0.65;0.33;0.05;-0.17
"p_AT1G18500.1";-0.42;0.84;0.17;0.14;0.06
"p_AT1G19140.1";0.67;-0.08;0.34;0.49;-0.24
"p_AT1G19570.1";0.89;0.29;-0.08;0.22;-0.01
"p_AT1G19900.1";0.23;-0.77;0.04;0.02;0.38
"p_AT1G20020.1";0.03;0.85;0.11;-0.29;-0.09
"p_AT1G20620.1";-0.02;0.89;0.11;-0.12;-0.2
"p_AT1G20630.1";0.48;0.1;0.59;-0.37;-0.12
"p_AT1G21750.1";-0.55;0.57;0.3;-0.25;0.08
"p_AT1G22780.1";0.66;0.07;0;0.38;-0.25
"p_AT1G24360.1";0.31;0.62;0.07;-0.34;0.48
"p_AT1G24450.1";0.77;-0.08;0.44;0.35;-0.1
"p_AT1G25350.1";0.77;0.22;-0.16;-0.06;-0.14
"p_AT1G26560.1";-0.12;-0.9;0.04;-0.02;0.27
"p_AT1G26630.1";-0.34;-0.19;-0.25;0.67;0.01
"p_AT1G27950.1";-0.59;0.15;0.55;0.2;0.1
"p_AT1G28200.1";0.01;-0.51;0.72;0.04;0.05
"p_AT1G29680.1";0.9;0.25;-0.1;-0.01;0.12
"p_AT1G30230.1";0.66;0.34;-0.37;0.13;0.09
"p_AT1G30360.1";0.81;-0.3;0.11;0.38;0.16
"p_AT1G32060.1";0.16;0.63;0.01;-0.37;0.05
"p_AT1G33120.1";-0.2;0.31;-0.62;-0.12;0.28
"p_AT1G34430.1";0.51;0.14;0.44;-0.45;0.26
"p_AT1G43170.1";-0.75;0.08;0.34;0.21;0.34
"p_AT1G43670.1";-0.72;0.56;-0.22;0.19;-0.14
"p_AT1G47128.1";-0.27;-0.41;0.51;0.38;0.15
"p_AT1G47260.1";-0.05;0.01;-0.66;0.23;0.37
"p_AT1G47980.1";-0.81;0.36;0.07;-0.06;-0.2
"p_AT1G48030.1";-0.48;0.56;0.17;0.31;0.31
"p_AT1G48130.1";0.83;-0.03;0.2;0.35;-0.27
"p_AT1G48470.1";-0.02;-0.59;-0.26;-0.08;0.27
"p_AT1G48920.1";-0.94;-0.14;0.03;0.17;-0.02
"p_AT1G48990.1";0.66;0.57;0.04;0.04;-0.02
"p_AT1G49240.1";-0.32;-0.64;-0.18;-0.03;0.25
"p_AT1G50200.1";-0.76;0.31;-0.15;-0.09;0.13
"p_AT1G50380.1";-0.4;0.24;0.6;-0.07;-0.07
"p_AT1G52560.1";-0.12;0.18;0.61;0.3;0.08
"p_AT1G52690.1";-0.37;0.34;0.67;0.21;0
"p_AT1G53310.1";0.94;0.03;-0.04;0.23;0
"p_AT1G53850.1";0.73;-0.19;-0.09;0.22;-0.32
"p_AT1G54050.1";-0.09;0.34;0.3;0.21;-0.45
"p_AT1G54100.1";-0.5;0.54;0.05;-0.45;0.25
"p_AT1G54870.1";0.27;-0.16;-0.17;-0.02;-0.06
"p_AT1G56070.1";0.46;0.64;-0.28;0.33;0.09
"p_AT1G56110.1";-0.9;-0.06;0.02;0.22;-0.1
"p_AT1G56340.1";-0.61;0.58;0.16;-0.12;-0.13
"p_AT1G57720.1";0.62;0.05;0.36;0.08;-0.49
"p_AT1G60680.1";0.94;0.16;-0.01;0.13;0.04
"p_AT1G62000.1";0.13;-0.31;-0.46;-0.35;0.33
"p_AT1G62080.1";0.13;-0.23;-0.45;-0.31;0.31
"p_AT1G62290.1";-0.35;0.57;0.31;-0.07;0.4
"p_AT1G63770.3";-0.44;-0.54;0;0.28;0.25
"p_AT1G63940.1";-0.46;0.19;0.08;-0.27;0.38
"p_AT1G64110.1";-0.61;-0.39;-0.28;0.42;-0.12
"p_AT1G65090.2";-0.7;0.45;0.06;-0.08;-0.17
"p_AT1G65880.1";0.1;0.3;0.46;0.23;0.22
"p_AT1G65930.1";-0.07;-0.5;0.15;-0.14;0.24
"p_AT1G65980.1";0.16;0.22;-0.4;0.02;-0.56
"p_AT1G66430.1";0.88;0.09;0.13;-0.21;0.14
"p_AT1G67090.1";0.9;-0.04;0.05;-0.13;0.07
"p_AT1G68560.1";-0.74;-0.08;0.33;0.16;-0.08
"p_AT1G69410.1";-0.39;0.39;0.04;-0.26;-0.22
"p_AT1G69800.1";0.78;0.38;-0.05;-0.11;0.26
"p_AT1G70730.1";-0.87;-0.09;-0.08;-0.04;0.08
"p_AT1G70770.1";-0.5;0.29;0.59;-0.04;0.33
"p_AT1G70840.1";0.36;-0.87;0.05;0.25;0.05
"p_AT1G71695.1";-0.75;-0.45;0.12;0.01;0.05
"p_AT1G72100.1";-0.22;-0.59;0.52;-0.02;-0.16
"p_AT1G72680.1";-0.7;0.07;0.24;-0.06;0.05
"p_AT1G73190.1";-0.48;0.48;0.28;-0.07;-0.06
"p_AT1G74030.1";0.62;-0.12;0.04;-0.34;0.21
"p_AT1G74310.1";0.94;0.1;0.11;0.12;-0.08
"p_AT1G74960.1";0.54;0.25;0.17;-0.65;0.14
"p_AT1G77090.1";0.69;0.57;0.18;-0.09;0.19
"p_AT1G77120.1";-0.12;-0.02;0.38;-0.56;-0.38
"p_AT1G77510.1";-0.76;0.17;0.26;-0.03;-0.04
"p_AT1G78300.1";0.73;0.15;-0.16;0.16;0.4
"p_AT1G78370.1";0.89;0.18;-0.08;0.02;-0.19
"p_AT1G78380.1";0.78;0.08;-0.19;0.25;0.15
"p_AT1G78900.1";-0.89;0.09;-0.16;-0.17;-0.03
"p_AT1G79230.3";0.18;-0.22;-0.64;0.01;-0.3
"p_AT1G79440.1";0.59;0.06;0.33;-0.21;-0.32
"p_AT1G79550.1";0.48;0.01;0.01;0.52;0.56
"p_AT1G79690.1";0.89;-0.15;0.32;0.13;-0.04
"p_AT2G01140.1";0.87;-0.2;0.22;-0.07;-0.13
"p_AT2G01250.1";-0.76;0.03;-0.21;-0.13;0.21
"p_AT2G01470.1";-0.59;-0.18;0.51;-0.22;0.2
"p_AT2G03440.1";-0.74;0.43;0.1;0.36;0.08
"p_AT2G04390.1";-0.67;0.03;-0.11;0.17;-0.07
"p_AT2G04520.1";-0.86;0;0.09;-0.14;0.15
"p_AT2G04780.1";-0.25;-0.68;0.25;0.09;0.32
"p_AT2G05710.1";-0.81;-0.02;-0.34;0.39;0.07
"p_AT2G05920.1";0.19;-0.52;0.27;-0.32;0.31
"p_AT2G05990.1";0.54;0.16;-0.03;-0.26;-0.36
"p_AT2G07698.1";0.4;0.53;-0.47;0;0.46
"p_AT2G14260.2";0.57;0.54;-0.03;-0.16;-0.28
"p_AT2G15010.1";0.79;0.12;0.05;0.43;-0.34
"p_AT2G17360.1";-0.78;-0.08;0.16;0.09;-0.04
"p_AT2G17870.1";-0.17;0.03;0.2;-0.01;-0.19
"p_AT2G18110.1";0.41;0.14;-0.75;0.01;0.13
"p_AT2G18540.1";-0.63;0.06;-0.28;-0.3;0.14
"p_AT2G19520.1";-0.61;0.01;-0.19;0.48;0.08
"p_AT2G19900.1";-0.24;0.36;-0.3;-0.26;0.43
"p_AT2G20560.1";-0.63;0.16;0.13;-0.08;0.08
"p_AT2G20580.1";0.63;0.17;-0.15;0.54;0.07
"p_AT2G21170.1";0.43;0.5;-0.13;-0.42;0.18
"p_AT2G21660.1";0;-0.9;-0.16;0.23;0.11
"p_AT2G21820.1";-0.38;0.72;0.34;0.05;-0.36
"p_AT2G22240.1";0.53;0.26;0.19;-0.67;0.01
"p_AT2G22780.1";0.05;-0.04;-0.17;0.85;0.22
"p_AT2G23110.1";-0.51;0.75;0.1;-0.04;-0.06
"p_AT2G23120.1";0.17;0.08;0.45;0.3;-0.28
"p_AT2G23240.1";0.15;0.11;0.32;0.22;-0.4
"p_AT2G23350.1";-0.54;0.35;0.46;0.42;-0.11
"p_AT2G24270.1";0.26;-0.88;0.16;-0.14;0.05
"p_AT2G25970.1";-0.74;-0.51;0;0.17;-0.13
"p_AT2G27020.1";0.07;0.12;-0.29;-0.23;0.5
"p_AT2G28490.1";0.12;-0.45;-0.42;-0.29;-0.05
"p_AT2G29300.1";-0.54;0.73;-0.13;-0.13;0.09
"p_AT2G30970.1";-0.49;0.48;0.04;0.44;0.26
"p_AT2G32120.1";-0.59;0.36;-0.29;-0.14;-0.23
"p_AT2G33070.1";-0.08;-0.89;0.1;-0.23;-0.22
"p_AT2G33150.1";-0.79;0.27;0.03;0.49;0.02
"p_AT2G33590.1";0.66;-0.25;-0.05;-0.05;0.27
"p_AT2G34700.1";-0.2;0.49;0.28;0;-0.11
"p_AT2G34790.1";0.27;-0.73;0.08;0.08;0.18
"p_AT2G36070.1";-0.56;0.47;0.23;0.48;0.18
"p_AT2G36460.1";0.45;0.61;-0.16;0.2;0.25
"p_AT2G36530.1";-0.66;0.11;0.25;-0.29;-0.15
"p_AT2G36640.1";0.47;0.77;-0.19;0.01;0.03
"p_AT2G37220.1";-0.82;-0.08;-0.17;0.17;0.07
"p_AT2G37970.1";-0.04;-0.68;0.41;-0.17;0.02
"p_AT2G38040.1";0.51;0.65;0.42;-0.11;0.05
"p_AT2G38380.1";0.5;-0.66;0.32;-0.3;0.23
"p_AT2G39990.1";-0.83;-0.08;-0.29;0;-0.05
"p_AT2G40170.1";0.13;0.11;0.61;0.06;0.46
"p_AT2G41260.1";0.45;-0.77;0.21;-0.29;0.04
"p_AT2G42000.1";0.14;0.28;0.26;0.34;-0.32
"p_AT2G42520.1";-0.43;-0.29;-0.04;0.24;-0.48
"p_AT2G42560.1";-0.22;0.79;0.3;-0.04;0.26
"p_AT2G42740.1";-0.31;0.01;-0.29;-0.05;-0.54
"p_AT2G42790.1";0.61;0.26;-0.05;0.54;-0.08
"p_AT2G43090.1";-0.04;0.81;0.06;0.06;0.32
"p_AT2G43460.1";-0.89;-0.27;0.06;-0.07;-0.25
"p_AT2G43520.1";-0.06;0.22;0.55;0.24;-0.54
"p_AT2G43950.1";0.69;-0.59;0.22;-0.04;0.05
"p_AT2G44060.1";0.56;0.75;0.06;-0.05;-0.11
"p_AT2G44120.1";-0.68;-0.25;-0.12;0.21;0.13
"p_AT2G44350.1";0.92;-0.01;-0.05;0.18;-0.12
"p_AT2G46280.1";-0.18;0.25;-0.55;0.32;-0.07
"p_AT2G46750.1";0.07;-0.92;0.19;0.14;0.09
"p_AT2G47470.1";0.85;0.11;0.06;0.15;-0.32
"p_AT2G47770.1";0.16;0.53;-0.21;-0.13;0.6
"p_AT3G01910.1";-0.25;-0.58;0.4;-0.25;0.36
"p_AT3G02230.1";0.84;0.02;0.15;0.16;-0.14
"p_AT3G02360.1";0.9;0.12;-0.11;0.2;0.12
"p_AT3G02480.1";0.68;-0.62;0.19;0.1;-0.11
"p_AT3G02530.1";0.88;0.24;-0.3;0.05;0
"p_AT3G03640.1";-0.79;-0.2;0.28;0.1;-0.11
"p_AT3G04610.1";-0.8;0.27;-0.08;0.11;0.12
"p_AT3G04840.1";-0.68;0.11;0.09;0.25;-0.16
"p_AT3G05190.1";0.27;-0.58;0.11;0.44;0.38
"p_AT3G05260.1";-0.33;0.66;0.44;0.08;-0.23
"p_AT3G05530.1";0.26;0.54;-0.35;0.18;0.39
"p_AT3G05560.1";-0.58;0.05;-0.09;-0.01;0.15
"p_AT3G06050.1";-0.79;-0.06;0.17;-0.26;0.01
"p_AT3G06860.1";-0.81;0;-0.31;0.38;-0.09
"p_AT3G07770.1";-0.66;0.37;-0.33;0.49;-0.09
"p_AT3G08030.1";-0.39;-0.45;-0.41;0.55;0.04
"p_AT3G08530.1";-0.38;-0.69;0.03;0.19;-0.11
"p_AT3G08590.1";-0.66;0.04;0.21;0.12;0.29
"p_AT3G08900.1";0.48;0.73;-0.09;0.03;-0.31
"p_AT3G09440.1";-0.71;-0.63;0.14;0.03;-0.1
"p_AT3G10020.1";0.88;0.04;0.16;0.17;-0.08
"p_AT3G10920.1";0.7;-0.21;0.01;0.21;-0.08
"p_AT3G11050.1";0.94;0.02;0.01;0;-0.03
"p_AT3G11630.1";0.87;0.2;-0.1;0.19;-0.16
"p_AT3G11930.1";0.37;0.66;-0.19;0.1;0.28
"p_AT3G12145.1";-0.08;-0.76;-0.22;-0.12;-0.19
"p_AT3G12203.1";0.26;-0.84;0.25;-0.2;0.07
"p_AT3G12490.1";0.61;-0.24;0.02;0.48;-0.09
"p_AT3G12580.1";-0.44;0.04;0.23;-0.13;-0.6
"p_AT3G12780.1";0.25;0.76;0.11;-0.46;0.33
"p_AT3G12960.1";0.81;0.47;0.12;0.28;-0.1
"p_AT3G13300.1";-0.75;-0.35;-0.08;0.37;0.1
"p_AT3G13460.1";-0.8;-0.02;0.02;0.48;0.22
"p_AT3G13790.1";-0.76;-0.12;0.14;-0.1;0.09
"p_AT3G13920.1";0.52;0.3;-0.51;0.22;0.47
"p_AT3G13930.1";-0.73;-0.18;-0.13;-0.29;0.25
"p_AT3G14067.1";0.32;-0.48;-0.02;-0.37;0.35
"p_AT3G14310.1";-0.57;0.72;0.12;-0.03;-0.04
"p_AT3G14990.1";0.16;0.87;-0.2;0.08;0.19
"p_AT3G15260.1";0.62;0.04;0.41;0;0.48
"p_AT3G15280.1";0.32;0.66;0.32;0.26;0.36
"p_AT3G15670.1";-0.29;-0.62;0.27;-0.14;0.1
"p_AT3G15730.1";-0.6;-0.45;0;0.01;-0.16
"p_AT3G16640.1";0.21;0.25;-0.43;-0.12;0.31
"p_AT3G16895.1";0.76;0.11;0.25;0.42;-0.26
"p_AT3G16950.1";0.33;-0.68;-0.11;-0.01;0.19
"p_AT3G17240.1";-0.66;-0.28;0.2;0.28;0.44
"p_AT3G17520.1";0.89;0.11;0.01;0.22;-0.22
"p_AT3G17810.1";0.68;0.53;0.1;-0.26;-0.18
"p_AT3G18490.1";-0.58;-0.51;-0.4;0.24;0.11
"p_AT3G18570.1";-0.67;0.32;0.21;-0.12;0.42
"p_AT3G19820.1";0.8;0.04;-0.21;0.13;0.33
"p_AT3G19920.1";-0.22;-0.19;0.06;-0.59;0.19
"p_AT3G20390.1";0.09;-0.66;0.34;0.39;-0.22
"p_AT3G20820.1";-0.25;-0.78;-0.12;0.05;0.24
"p_AT3G21370.1";-0.21;-0.7;-0.3;-0.09;-0.02
"p_AT3G21380.1";0;-0.51;0.37;-0.46;-0.32
"p_AT3G21720.1";-0.74;-0.12;-0.2;0.48;0.06
"p_AT3G22110.1";-0.4;0.49;0.15;0.02;0.04
"p_AT3G22200.1";-0.41;0.72;0.09;-0.08;-0.24
"p_AT3G22490.1";-0.54;0.11;0.42;-0.43;0.3
"p_AT3G22500.1";-0.37;-0.21;0.48;0.22;-0.09
"p_AT3G23400.1";-0.35;0.74;0.29;-0.18;0.16
"p_AT3G23490.1";0.72;-0.49;0.12;0.03;-0.01
"p_AT3G23570.1";0.7;0.3;0.31;0.13;-0.37
"p_AT3G23940.1";0;-0.13;0.71;-0.26;0
"p_AT3G25230.1";-0.45;0.04;0.55;0.16;-0.38
"p_AT3G26650.1";0;0.45;0.38;-0.34;0.56
"p_AT3G26720.1";-0.36;-0.12;0.14;-0.41;-0.17
"p_AT3G27660.1";0.58;0.34;0.3;0.16;-0.11
"p_AT3G44300.1";-0.29;0.79;0.2;-0.1;0.2
"p_AT3G44880.1";0.5;0.51;0.42;-0.4;0.17
"p_AT3G47520.1";0.39;0.59;0.29;-0.43;0.15
"p_AT3G48000.1";-0.49;0.79;-0.09;-0.13;-0.01
"p_AT3G48990.1";-0.75;-0.18;0.22;0.16;0.22
"p_AT3G49910.1";-0.62;0.11;0.17;0.17;0
"p_AT3G51800.1";-0.55;-0.2;-0.1;0.2;0.33
"p_AT3G51810.1";0.72;0.48;0.28;0.07;-0.21
"p_AT3G52850.1";0.2;-0.63;0.32;-0.32;-0.07
"p_AT3G52930.1";0.92;0.04;0.06;-0.17;0.1
"p_AT3G52960.1";0.1;-0.19;-0.18;-0.29;0.2
"p_AT3G52990.1";0.55;0.15;-0.01;0.42;0.42
"p_AT3G53040.1";0.78;0.31;-0.24;0.09;0.28
"p_AT3G53110.1";-0.16;-0.04;-0.49;-0.11;-0.54
"p_AT3G53970.1";-0.74;-0.16;-0.19;-0.24;-0.03
"p_AT3G54400.1";-0.32;-0.83;0.1;-0.03;0.03
"p_AT3G54470.1";0.2;0.37;-0.14;0.12;-0.25
"p_AT3G55440.1";0.09;0.36;-0.01;0.18;0.24
"p_AT3G55800.1";0.24;0.53;0.32;-0.6;0.09
"p_AT3G56070.1";-0.86;-0.07;-0.11;0.31;0.18
"p_AT3G56310.1";-0.76;-0.15;0.13;0;-0.04
"p_AT3G56350.1";0.76;-0.32;0.12;0.29;-0.31
"p_AT3G57020.1";0.63;-0.52;0.21;0.2;-0.37
"p_AT3G57150.1";-0.89;-0.14;0.09;0.25;-0.02
"p_AT3G58450.1";0.85;0.13;0.12;0.21;-0.35
"p_AT3G58610.1";-0.45;0.59;-0.47;0.23;-0.31
"p_AT3G58680.1";0.37;0.31;0.52;0.62;0.03
"p_AT3G60340.1";-0.07;-0.85;-0.09;-0.2;-0.02
"p_AT3G60730.1";0.51;-0.77;0.18;0;0.23
"p_AT3G60750.1";0.42;0.46;0.34;-0.43;-0.17
"p_AT3G61220.1";0.89;0.32;-0.01;-0.17;-0.01
"p_AT3G62030.1";-0.01;0.43;-0.07;-0.27;0.13
"p_AT3G62120.1";-0.74;0.02;0.24;-0.11;0.11
"p_AT3G62730.1";0.32;-0.4;-0.19;-0.26;0.23
"p_AT3G63520.1";-0.43;-0.25;-0.06;-0.4;0.34
"p_AT4G01610.1";-0.72;0.34;-0.24;0.46;-0.07
"p_AT4G02280.1";0.7;0.11;0.29;0.24;0.35
"p_AT4G02340.1";-0.24;0.18;0.04;-0.26;-0.22
"p_AT4G02450.1";-0.73;0.38;0.37;0.26;0.17
"p_AT4G02510.1";-0.81;-0.32;0.02;0.06;0.12
"p_AT4G02520.1";0.78;0.01;-0.34;0.41;-0.03
"p_AT4G02930.1";-0.79;0.13;-0.34;0.2;-0.33
"p_AT4G03200.1";0.04;-0.35;0.28;0.01;-0.7
"p_AT4G04020.1";0.49;0.31;0.4;-0.41;0.03
"p_AT4G04460.1";0.23;-0.9;-0.04;-0.14;-0.1
"p_AT4G08390.1";0.85;-0.25;0.15;0.12;-0.23
"p_AT4G09320.1";0.56;0.22;-0.21;0.38;0.46
"p_AT4G09600.1";0.58;0.26;0.41;0.35;-0.07
"p_AT4G10020.1";-0.07;0.47;-0.03;-0.02;-0.38
"p_AT4G10320.1";-0.56;0.55;0.11;0.12;-0.01
"p_AT4G11010.1";-0.42;0.12;-0.42;-0.09;-0.23
"p_AT4G11150.1";0.91;0.09;0;0.19;0.01
"p_AT4G12130.1";-0.52;0.59;0.29;-0.17;0.37
"p_AT4G12290.1";0.08;-0.83;-0.02;-0.07;-0.13
"p_AT4G12420.1";0.07;-0.78;0.15;0.03;0.15
"p_AT4G13010.1";0.49;-0.51;0.09;-0.47;-0.13
"p_AT4G13200.1";-0.25;-0.3;0.42;-0.55;-0.1
"p_AT4G13850.1";-0.57;-0.12;-0.27;0.46;0.39
"p_AT4G13930.1";0.55;-0.16;0.18;0.02;-0.48
"p_AT4G13940.1";0.78;0.37;-0.34;0.18;0.21
"p_AT4G14160.1";-0.65;0.22;0.32;0.2;0.12
"p_AT4G14880.1";0.18;0.03;0.24;0.13;0.23
"p_AT4G15410.1";-0.79;-0.09;-0.06;-0.22;0.07
"p_AT4G15530.1";-0.84;-0.39;-0.15;0.09;0.08
"p_AT4G16155.1";0.64;-0.04;-0.17;0;-0.09
"p_AT4G16210.1";0.28;-0.28;-0.6;0.43;0.25
"p_AT4G16500.1";0.23;-0.56;0.14;0.62;0.24
"p_AT4G16690.1";0.19;-0.78;0.01;0.18;0.25
"p_AT4G16720.1";-0.71;-0.29;0.1;-0.13;-0.15
"p_AT4G16760.1";-0.14;0.79;0.01;-0.02;-0.15
"p_AT4G18920.1";0.89;-0.13;0.17;0.1;-0.19
"p_AT4G19810.1";-0.37;-0.7;0.15;-0.15;0.12
"p_AT4G20360.1";-0.37;0.79;-0.18;-0.07;-0.04
"p_AT4G20850.1";-0.74;-0.23;-0.13;0.02;-0.19
"p_AT4G21020.1";0.82;0.21;0.13;0.26;-0.2
"p_AT4G23100.1";0.92;0.22;-0.12;0.15;0.01
"p_AT4G24190.1";0.4;0.72;0.27;-0.1;-0.02
"p_AT4G24620.1";0.64;0.34;-0.24;-0.5;-0.09
"p_AT4G24800.1";-0.28;-0.38;-0.16;0.55;0.03
"p_AT4G24830.1";0.32;0.49;-0.03;-0.38;0
"p_AT4G25130.1";-0.18;-0.34;0.45;-0.01;0.34
"p_AT4G25140.1";0.56;0.22;0.24;0.33;0.32
"p_AT4G25580.1";-0.37;0.68;0.45;0.07;0.13
"p_AT4G25740.1";0.79;0.02;0.14;0.1;0.03
"p_AT4G26740.1";0.31;0.51;-0.07;0.03;0.65
"p_AT4G27090.1";-0.36;0.37;-0.19;-0.01;0.51
"p_AT4G27140.1";-0.43;0.62;0.34;0.04;-0.27
"p_AT4G27160.1";0.2;-0.13;0.08;-0.59;0.03
"p_AT4G27450.1";-0.85;0.35;-0.02;-0.01;-0.09
"p_AT4G27500.1";-0.53;-0.19;0.57;-0.4;0.05
"p_AT4G27520.1";-0.18;-0.61;0.09;0.13;0.37
"p_AT4G28520.1";0.27;0.42;0.2;0.4;-0.2
"p_AT4G29840.1";-0.46;0.72;0.06;0.32;-0.16
"p_AT4G30880.1";0.64;-0.46;0.38;0.42;0.12
"p_AT4G31490.1";-0.71;-0.15;0.1;-0.08;-0.01
"p_AT4G31700.1";-0.49;0.05;0.58;0.35;0.24
"p_AT4G32770.1";-0.42;0.26;0.62;-0.15;-0.15
"p_AT4G33090.1";0.67;0.62;-0.26;0.03;-0.01
"p_AT4G34480.1";0.07;-0.87;0.22;-0.12;0.15
"p_AT4G34670.1";-0.76;0.11;-0.01;0.23;-0.18
"p_AT4G34870.1";-0.34;-0.45;-0.13;0.1;-0.57
"p_AT4G35090.1";-0.69;0.41;0.07;0.19;-0.31
"p_AT4G35790.1";0.26;-0.79;-0.07;-0.14;0.18
"p_AT4G35830.1";-0.07;0.68;0.33;0.11;0.01
"p_AT4G36020.1";-0.2;0.02;0.31;0.49;0.08
"p_AT4G36195.1";-0.37;0.54;-0.21;-0.04;-0.38
"p_AT4G36360.1";0.67;-0.61;0.13;0.04;0.09
"p_AT4G36600.1";0.97;0.01;0.07;0.15;0.02
"p_AT4G36700.1";-0.85;0.14;0.07;-0.31;0.02
"p_AT4G37050.1";0.49;0.57;-0.03;-0.2;-0.09
"p_AT4G37870.1";-0.81;0.02;-0.38;0.39;-0.11
"p_AT4G38740.1";-0.02;0.02;0.17;0.01;-0.27
"p_AT4G38970.1";0.65;0.32;0.08;-0.31;-0.22
"p_AT4G39260.1";-0.63;0.5;0.04;0.42;0.06
"p_AT5G01300.1";-0.55;0.02;0.29;-0.17;-0.46
"p_AT5G01410.1";-0.65;0.15;-0.54;0.15;-0.1
"p_AT5G01670.1";0.9;0.19;-0.09;0.06;0.33
"p_AT5G02240.1";0.87;-0.13;-0.08;0.06;-0.19
"p_AT5G03740.1";-0.78;0.12;0.08;0.27;0.1
"p_AT5G03860.1";0.64;0.37;-0.4;0.47;0.04
"p_AT5G04430.1";-0.56;-0.29;-0.17;-0.08;-0.31
"p_AT5G04885.1";0.52;-0.77;0.07;0.01;0.26
"p_AT5G05010.1";-0.9;-0.14;0.21;0.01;-0.07
"p_AT5G06060.1";-0.18;-0.28;0.44;-0.05;0.26
"p_AT5G06760.1";-0.26;0.39;0.37;0.29;0.21
"p_AT5G07030.1";-0.39;-0.63;-0.35;-0.18;-0.13
"p_AT5G07190.2";0.27;-0.05;-0.3;0.08;-0.61
"p_AT5G07830.1";-0.52;-0.63;-0.08;-0.02;0.14
"p_AT5G08300.1";-0.47;0.14;0.36;0.08;0.35
"p_AT5G08670.1";-0.51;0.53;-0.12;0.07;-0.21
"p_AT5G09590.1";-0.85;0.06;0;0.14;-0.17
"p_AT5G09640.1";0.31;-0.74;-0.17;-0.48;-0.14
"p_AT5G09810.1";-0.58;0.32;0.31;-0.18;0.07
"p_AT5G10160.1";-0.42;0.03;0.18;-0.18;0.38
"p_AT5G10860.1";-0.3;0.74;-0.18;0.1;0.11
"p_AT5G11170.1";0.59;0.26;-0.64;0.13;0.06
"p_AT5G11520.1";-0.77;0.24;-0.28;0.39;-0.13
"p_AT5G11680.1";0.27;0.31;0.42;0.54;0.38
"p_AT5G12030.1";0.25;-0.15;0.41;0.35;0.27
"p_AT5G12040.1";0.8;-0.03;-0.18;-0.06;0.08
"p_AT5G12950.1";0.12;-0.91;-0.05;0.15;0.1
"p_AT5G13120.1";0.2;0.49;0.36;0.14;0.49
"p_AT5G13420.1";0.97;0.09;0.06;0.04;0.04
"p_AT5G13450.1";0.92;-0.1;-0.18;0.15;-0.01
"p_AT5G13520.1";0.25;0.17;-0.46;-0.45;0.19
"p_AT5G13980.1";-0.71;-0.11;0.3;0.2;0.1
"p_AT5G14030.1";0.25;-0.02;-0.23;-0.62;0.14
"p_AT5G14040.1";-0.35;0.51;-0.37;0.18;0.34
"p_AT5G14450.1";-0.42;0.1;-0.01;0.71;0.37
"p_AT5G14780.1";0.9;-0.28;-0.09;0.22;-0.09
"p_AT5G16840.1";0.5;0.07;0.2;-0.26;0.14
"p_AT5G16970.1";-0.79;0.23;-0.03;-0.11;0.12
"p_AT5G17310.2";0.79;0.5;-0.22;-0.07;0.11
"p_AT5G17380.1";-0.75;-0.34;-0.1;-0.16;0.07
"p_AT5G18900.1";0.81;0.09;0.06;0.37;-0.3
"p_AT5G19440.1";0.21;0.59;-0.45;0.16;-0.12
"p_AT5G20010.1";0.26;0.62;-0.35;0.23;-0.41
"p_AT5G20290.1";-0.51;0.04;0.14;0.13;-0.01
"p_AT5G20720.1";-0.71;0.45;-0.27;-0.24;-0.19
"p_AT5G20950.1";-0.43;-0.51;-0.29;0.3;0.04
"p_AT5G20960.1";-0.89;-0.05;0.19;0.23;0.19
"p_AT5G21990.1";0.19;0.02;0.74;0.19;0.28
"p_AT5G22470.1";-0.23;-0.39;-0.19;-0.01;-0.25
"p_AT5G22810.1";-0.57;-0.49;0.08;-0.13;0.32
"p_AT5G26000.1";0.01;-0.66;-0.08;0.23;-0.06
"p_AT5G26120.1";0.15;-0.87;0.24;-0.08;-0.18
"p_AT5G26360.1";0.51;0.21;-0.34;0.07;-0.11
"p_AT5G27540.1";-0.6;0.23;0.01;0.48;0.26
"p_AT5G27640.1";-0.67;-0.38;-0.26;0.11;-0.05
"p_AT5G28840.1";0.7;0.52;-0.31;0.08;0.16
"p_AT5G34940.2";-0.12;-0.87;0.03;-0.02;-0.15
"p_AT5G35360.1";0.77;0.16;0.04;-0.49;0.02
"p_AT5G36210.1";-0.68;-0.24;-0.13;0.13;-0.32
"p_AT5G36880.1";-0.24;0.54;-0.13;-0.1;-0.45
"p_AT5G37510.1";-0.49;-0.34;-0.01;0.03;-0.22
"p_AT5G38170.1";0.75;0.18;0.45;0.16;-0.24
"p_AT5G39410.1";-0.45;0.53;0.38;0.49;0.07
"p_AT5G39570.1";-0.58;-0.19;0.31;0.61;0.18
"p_AT5G39720.1";0.95;-0.17;0.05;0.05;-0.2
"p_AT5G40420.1";0.69;-0.32;-0.03;0.17;0.18
"p_AT5G40770.1";0.6;0.16;-0.49;0.28;0.24
"p_AT5G42270.1";0.59;0.36;0.29;-0.27;0.3
"p_AT5G42740.1";-0.3;0.6;0.06;-0.3;-0.02
"p_AT5G42790.1";0.36;0.27;-0.42;0.12;0.16
"p_AT5G43600.1";0.09;-0.55;0.28;-0.17;-0.4
"p_AT5G43940.1";-0.7;0.47;0.15;-0.08;-0.17
"p_AT5G44120.1";0.44;0.2;0.19;-0.29;-0.1
"p_AT5G44120.2";-0.1;-0.05;0.44;0.27;-0.32
"p_AT5G44310.1";0.69;0.38;0.18;0.43;-0.18
"p_AT5G45690.1";0.86;0;0.27;0.22;-0.05
"p_AT5G46070.1";0.64;-0.42;0.08;0.42;-0.14
"p_AT5G46290.1";0.85;-0.03;0.26;-0.24;0.14
"p_AT5G47210.1";-0.8;-0.02;0.03;0.34;0.18
"p_AT5G48100.1";0.34;-0.21;0.23;0.22;0.48
"p_AT5G48180.1";0.48;-0.46;0.54;-0.1;0.3
"p_AT5G48300.1";0.66;-0.21;0.46;0.21;0.11
"p_AT5G49190.1";0.71;-0.04;0.33;0.24;0.38
"p_AT5G49460.1";-0.02;-0.72;-0.09;-0.48;0.21
"p_AT5G49650.1";-0.42;0.35;0.18;-0.54;-0.09
"p_AT5G50600.1";-0.16;0.65;-0.45;-0.09;0.33
"p_AT5G50850.1";-0.1;-0.1;-0.57;0.11;0.48
"p_AT5G50920.1";0.94;0.11;0.04;-0.04;0
"p_AT5G51970.1";-0.45;0.76;-0.07;-0.06;0.12
"p_AT5G52300.1";-0.55;0.04;0.26;-0.29;0.15
"p_AT5G52420.1";0.7;-0.14;-0.34;-0.12;0.32
"p_AT5G52640.1";0.18;0.78;-0.15;0;0.1
"p_AT5G54740.1";-0.01;0.58;0.36;0.27;0.24
"p_AT5G54770.1";0.06;0.37;0.14;-0.01;-0.04
"p_AT5G55240.1";0.79;0.31;-0.27;0.1;0.05
"p_AT5G55410.1";0.52;-0.52;0.16;0.58;0.07
"p_AT5G55730.1";-0.01;-0.68;-0.28;-0.45;-0.33
"p_AT5G57110.1";-0.15;-0.69;0.08;0.11;0.3
"p_AT5G57550.1";0.66;-0.58;0.23;-0.34;0.16
"p_AT5G57655.2";0.88;0.22;-0.08;0.22;-0.13
"p_AT5G58070.1";0.19;-0.92;0.08;-0.08;0.15
"p_AT5G59420.1";-0.8;-0.26;0.25;0.22;0.16
"p_AT5G60220.1";0.75;-0.18;0.44;0.21;-0.13
"p_AT5G60640.1";-0.79;-0.1;0.11;-0.02;0.1
"p_AT5G61410.1";0.77;0.46;-0.11;-0.33;-0.07
"p_AT5G61780.1";0.17;0.08;0.06;0.21;-0.15
"p_AT5G61790.1";0.46;0.12;0.09;0;-0.26
"p_AT5G62200.1";-0.44;-0.35;-0.46;-0.09;0.31
"p_AT5G63030.1";0.21;-0.52;0.09;0.3;-0.27
"p_AT5G63620.1";-0.58;0.52;0.21;-0.01;-0.11
"p_AT5G63800.1";-0.03;-0.83;0.16;-0.12;-0.06
"p_AT5G64260.1";0.42;-0.12;0.02;-0.28;-0.01
"p_AT5G64350.1";-0.56;-0.46;-0.5;0.13;-0.07
"p_AT5G65165.1";-0.06;-0.22;0.43;0.44;0.1
"p_AT5G65750.1";-0.58;-0.34;-0.21;-0.2;-0.09
"p_AT5G66190.1";-0.06;0.85;0.08;-0.4;-0.05
"p_AT5G66420.1";-0.61;0.35;0.1;-0.09;-0.41
"p_AT5G66590.1";-0.12;-0.54;0.37;0.58;0
"p_AT5G66760.1";-0.38;-0.14;-0.5;0.06;0.16
"p_AT5G66780.1";-0.73;0.38;-0.13;0.19;0.05
"p_AT5G67360.1";-0.41;-0.27;-0.72;0.2;0.2
"p_AT5G67500.1";0.02;0.4;-0.23;0.01;0.29
"p_ATCG00120.1";0.54;0.58;0.16;-0.5;0.07
"p_ATCG00480.1";0.5;0.59;0.05;-0.39;0.15
"p_ATCG00490.1";0.67;-0.13;0.29;-0.43;0.21
